latitude,longitude,tmax,normal_tmax,anomaly_celsius,zscore,anomaly_class,temperature_status,dayofyear,date
22.5,87.5,35.81032,30.506971,5.3033504,2.8817248,1.0,HOT_ANOMALY,50,2016-02-19
22.5,88.5,34.777283,30.062605,4.714678,2.8687243,1.0,HOT_ANOMALY,50,2016-02-19
22.5,86.5,36.369083,30.84215,5.5269337,2.8637164,1.0,HOT_ANOMALY,50,2016-02-19
23.5,88.5,34.852604,30.146515,4.706089,2.8501801,1.0,HOT_ANOMALY,50,2016-02-19
23.5,86.5,34.82676,29.995502,4.831257,2.8400555,1.0,HOT_ANOMALY,50,2016-02-19
25.5,88.5,38.043365,33.56395,4.479416,2.829955,1.0,HOT_ANOMALY,136,2024-05-15
25.5,88.5,39.519634,35.55634,3.963295,2.8180828,1.0,HOT_ANOMALY,154,2023-06-03
26.5,89.5,26.15583,20.617464,5.5383663,2.8095853,1.0,HOT_ANOMALY,31,2023-01-31
25.5,87.5,39.742767,34.965,4.777767,2.8060672,1.0,HOT_ANOMALY,151,2023-05-31
24.5,88.5,40.14401,35.734486,4.409523,2.7820506,1.0,HOT_ANOMALY,151,2023-05-31
23.5,87.5,34.789143,29.963133,4.8260098,2.77988,1.0,HOT_ANOMALY,50,2016-02-19
27.5,88.5,35.21875,29.517982,5.7007675,2.7737327,1.0,HOT_ANOMALY,146,2024-05-25
25.5,88.5,39.44981,34.54862,4.9011917,2.7565532,1.0,HOT_ANOMALY,151,2023-05-31
25.5,87.5,40.462223,35.97949,4.4827347,2.7553716,1.0,HOT_ANOMALY,154,2023-06-03
27.5,88.5,33.21962,28.692598,4.5270214,2.7373543,1.0,HOT_ANOMALY,136,2024-05-15
27.5,88.5,34.680817,30.696352,3.9844646,2.736,1.0,HOT_ANOMALY,154,2023-06-03
26.5,89.5,35.512226,29.890783,5.621443,2.709733,1.0,HOT_ANOMALY,146,2024-05-25
25.5,88.5,28.265781,23.368921,4.89686,2.7068515,1.0,HOT_ANOMALY,31,2023-01-31
26.5,87.5,34.727215,30.160368,4.566847,2.698321,1.0,HOT_ANOMALY,136,2024-05-15
24.5,87.5,33.084145,29.339134,3.7450104,2.6981056,1.0,HOT_ANOMALY,50,2016-02-19
